[{"model": "admin.logentry", "pk": 1, "fields": {"action_time": "2024-01-14T19:21:27.874Z", "user": 1, "content_type": 8, "object_id": "1", "object_repr": "კაცი", "action_flag": 1, "change_message": "[{\"added\": {}}]"}}, {"model": "admin.logentry", "pk": 2, "fields": {"action_time": "2024-01-14T19:21:35.346Z", "user": 1, "content_type": 8, "object_id": "2", "object_repr": "ქალი", "action_flag": 1, "change_message": "[{\"added\": {}}]"}}, {"model": "admin.logentry", "pk": 3, "fields": {"action_time": "2024-01-14T19:21:57.997Z", "user": 1, "content_type": 7, "object_id": "1", "object_repr": "გიგანტური სლალომი", "action_flag": 1, "change_message": "[{\"added\": {}}]"}}, {"model": "admin.logentry", "pk": 4, "fields": {"action_time": "2024-01-14T19:22:12.931Z", "user": 1, "content_type": 7, "object_id": "2", "object_repr": "სპეციალური სლალომი", "action_flag": 1, "change_message": "[{\"added\": {}}]"}}, {"model": "admin.logentry", "pk": 5, "fields": {"action_time": "2024-01-14T19:22:21.308Z", "user": 1, "content_type": 7, "object_id": "3", "object_repr": "სლალომი", "action_flag": 1, "change_message": "[{\"added\": {}}]"}}, {"model": "auth.permission", "pk": 1, "fields": {"name": "Can add log entry", "content_type": 1, "codename": "add_logentry"}}, {"model": "auth.permission", "pk": 2, "fields": {"name": "Can change log entry", "content_type": 1, "codename": "change_logentry"}}, {"model": "auth.permission", "pk": 3, "fields": {"name": "Can delete log entry", "content_type": 1, "codename": "delete_logentry"}}, {"model": "auth.permission", "pk": 4, "fields": {"name": "Can view log entry", "content_type": 1, "codename": "view_logentry"}}, {"model": "auth.permission", "pk": 5, "fields": {"name": "Can add permission", "content_type": 2, "codename": "add_permission"}}, {"model": "auth.permission", "pk": 6, "fields": {"name": "Can change permission", "content_type": 2, "codename": "change_permission"}}, {"model": "auth.permission", "pk": 7, "fields": {"name": "Can delete permission", "content_type": 2, "codename": "delete_permission"}}, {"model": "auth.permission", "pk": 8, "fields": {"name": "Can view permission", "content_type": 2, "codename": "view_permission"}}, {"model": "auth.permission", "pk": 9, "fields": {"name": "Can add group", "content_type": 3, "codename": "add_group"}}, {"model": "auth.permission", "pk": 10, "fields": {"name": "Can change group", "content_type": 3, "codename": "change_group"}}, {"model": "auth.permission", "pk": 11, "fields": {"name": "Can delete group", "content_type": 3, "codename": "delete_group"}}, {"model": "auth.permission", "pk": 12, "fields": {"name": "Can view group", "content_type": 3, "codename": "view_group"}}, {"model": "auth.permission", "pk": 13, "fields": {"name": "Can add user", "content_type": 4, "codename": "add_user"}}, {"model": "auth.permission", "pk": 14, "fields": {"name": "Can change user", "content_type": 4, "codename": "change_user"}}, {"model": "auth.permission", "pk": 15, "fields": {"name": "Can delete user", "content_type": 4, "codename": "delete_user"}}, {"model": "auth.permission", "pk": 16, "fields": {"name": "Can view user", "content_type": 4, "codename": "view_user"}}, {"model": "auth.permission", "pk": 17, "fields": {"name": "Can add content type", "content_type": 5, "codename": "add_contenttype"}}, {"model": "auth.permission", "pk": 18, "fields": {"name": "Can change content type", "content_type": 5, "codename": "change_contenttype"}}, {"model": "auth.permission", "pk": 19, "fields": {"name": "Can delete content type", "content_type": 5, "codename": "delete_contenttype"}}, {"model": "auth.permission", "pk": 20, "fields": {"name": "Can view content type", "content_type": 5, "codename": "view_contenttype"}}, {"model": "auth.permission", "pk": 21, "fields": {"name": "Can add session", "content_type": 6, "codename": "add_session"}}, {"model": "auth.permission", "pk": 22, "fields": {"name": "Can change session", "content_type": 6, "codename": "change_session"}}, {"model": "auth.permission", "pk": 23, "fields": {"name": "Can delete session", "content_type": 6, "codename": "delete_session"}}, {"model": "auth.permission", "pk": 24, "fields": {"name": "Can view session", "content_type": 6, "codename": "view_session"}}, {"model": "auth.permission", "pk": 25, "fields": {"name": "Can add discipline", "content_type": 7, "codename": "add_discipline"}}, {"model": "auth.permission", "pk": 26, "fields": {"name": "Can change discipline", "content_type": 7, "codename": "change_discipline"}}, {"model": "auth.permission", "pk": 27, "fields": {"name": "Can delete discipline", "content_type": 7, "codename": "delete_discipline"}}, {"model": "auth.permission", "pk": 28, "fields": {"name": "Can view discipline", "content_type": 7, "codename": "view_discipline"}}, {"model": "auth.permission", "pk": 29, "fields": {"name": "Can add gender", "content_type": 8, "codename": "add_gender"}}, {"model": "auth.permission", "pk": 30, "fields": {"name": "Can change gender", "content_type": 8, "codename": "change_gender"}}, {"model": "auth.permission", "pk": 31, "fields": {"name": "Can delete gender", "content_type": 8, "codename": "delete_gender"}}, {"model": "auth.permission", "pk": 32, "fields": {"name": "Can view gender", "content_type": 8, "codename": "view_gender"}}, {"model": "auth.permission", "pk": 33, "fields": {"name": "Can add school", "content_type": 9, "codename": "add_school"}}, {"model": "auth.permission", "pk": 34, "fields": {"name": "Can change school", "content_type": 9, "codename": "change_school"}}, {"model": "auth.permission", "pk": 35, "fields": {"name": "Can delete school", "content_type": 9, "codename": "delete_school"}}, {"model": "auth.permission", "pk": 36, "fields": {"name": "Can view school", "content_type": 9, "codename": "view_school"}}, {"model": "auth.permission", "pk": 37, "fields": {"name": "Can add season", "content_type": 10, "codename": "add_season"}}, {"model": "auth.permission", "pk": 38, "fields": {"name": "Can change season", "content_type": 10, "codename": "change_season"}}, {"model": "auth.permission", "pk": 39, "fields": {"name": "Can delete season", "content_type": 10, "codename": "delete_season"}}, {"model": "auth.permission", "pk": 40, "fields": {"name": "Can view season", "content_type": 10, "codename": "view_season"}}, {"model": "auth.permission", "pk": 41, "fields": {"name": "Can add competition day", "content_type": 11, "codename": "add_competitionday"}}, {"model": "auth.permission", "pk": 42, "fields": {"name": "Can change competition day", "content_type": 11, "codename": "change_competitionday"}}, {"model": "auth.permission", "pk": 43, "fields": {"name": "Can delete competition day", "content_type": 11, "codename": "delete_competitionday"}}, {"model": "auth.permission", "pk": 44, "fields": {"name": "Can view competition day", "content_type": 11, "codename": "view_competitionday"}}, {"model": "auth.permission", "pk": 45, "fields": {"name": "Can add competitor", "content_type": 12, "codename": "add_competitor"}}, {"model": "auth.permission", "pk": 46, "fields": {"name": "Can change competitor", "content_type": 12, "codename": "change_competitor"}}, {"model": "auth.permission", "pk": 47, "fields": {"name": "Can delete competitor", "content_type": 12, "codename": "delete_competitor"}}, {"model": "auth.permission", "pk": 48, "fields": {"name": "Can view competitor", "content_type": 12, "codename": "view_competitor"}}, {"model": "auth.permission", "pk": 49, "fields": {"name": "Can add group", "content_type": 13, "codename": "add_group"}}, {"model": "auth.permission", "pk": 50, "fields": {"name": "Can change group", "content_type": 13, "codename": "change_group"}}, {"model": "auth.permission", "pk": 51, "fields": {"name": "Can delete group", "content_type": 13, "codename": "delete_group"}}, {"model": "auth.permission", "pk": 52, "fields": {"name": "Can view group", "content_type": 13, "codename": "view_group"}}, {"model": "auth.permission", "pk": 53, "fields": {"name": "Can add cart", "content_type": 14, "codename": "add_cart"}}, {"model": "auth.permission", "pk": 54, "fields": {"name": "Can change cart", "content_type": 14, "codename": "change_cart"}}, {"model": "auth.permission", "pk": 55, "fields": {"name": "Can delete cart", "content_type": 14, "codename": "delete_cart"}}, {"model": "auth.permission", "pk": 56, "fields": {"name": "Can view cart", "content_type": 14, "codename": "view_cart"}}, {"model": "auth.permission", "pk": 57, "fields": {"name": "Can add stage", "content_type": 15, "codename": "add_stage"}}, {"model": "auth.permission", "pk": 58, "fields": {"name": "Can change stage", "content_type": 15, "codename": "change_stage"}}, {"model": "auth.permission", "pk": 59, "fields": {"name": "Can delete stage", "content_type": 15, "codename": "delete_stage"}}, {"model": "auth.permission", "pk": 60, "fields": {"name": "Can view stage", "content_type": 15, "codename": "view_stage"}}, {"model": "auth.permission", "pk": 61, "fields": {"name": "Can add results", "content_type": 16, "codename": "add_results"}}, {"model": "auth.permission", "pk": 62, "fields": {"name": "Can change results", "content_type": 16, "codename": "change_results"}}, {"model": "auth.permission", "pk": 63, "fields": {"name": "Can delete results", "content_type": 16, "codename": "delete_results"}}, {"model": "auth.permission", "pk": 64, "fields": {"name": "Can view results", "content_type": 16, "codename": "view_results"}}, {"model": "auth.permission", "pk": 65, "fields": {"name": "Can add Token", "content_type": 17, "codename": "add_token"}}, {"model": "auth.permission", "pk": 66, "fields": {"name": "Can change Token", "content_type": 17, "codename": "change_token"}}, {"model": "auth.permission", "pk": 67, "fields": {"name": "Can delete Token", "content_type": 17, "codename": "delete_token"}}, {"model": "auth.permission", "pk": 68, "fields": {"name": "Can view Token", "content_type": 17, "codename": "view_token"}}, {"model": "auth.permission", "pk": 69, "fields": {"name": "Can add token", "content_type": 18, "codename": "add_tokenproxy"}}, {"model": "auth.permission", "pk": 70, "fields": {"name": "Can change token", "content_type": 18, "codename": "change_tokenproxy"}}, {"model": "auth.permission", "pk": 71, "fields": {"name": "Can delete token", "content_type": 18, "codename": "delete_tokenproxy"}}, {"model": "auth.permission", "pk": 72, "fields": {"name": "Can view token", "content_type": 18, "codename": "view_tokenproxy"}}, {"model": "auth.user", "pk": 1, "fields": {"password": "pbkdf2_sha256$720000$031reKECe2TkKnVvGakQwt$yXYPlDH2Hsvy3onyAA/GtzW6ZMSF4ZF8SUDFJ2yo98o=", "last_login": "2024-02-14T08:30:45.811Z", "is_superuser": true, "username": "vardo", "first_name": "", "last_name": "", "email": "", "is_staff": true, "is_active": true, "date_joined": "2024-01-14T19:19:43.356Z", "groups": [], "user_permissions": []}}, {"model": "contenttypes.contenttype", "pk": 1, "fields": {"app_label": "admin", "model": "logentry"}}, {"model": "contenttypes.contenttype", "pk": 2, "fields": {"app_label": "auth", "model": "permission"}}, {"model": "contenttypes.contenttype", "pk": 3, "fields": {"app_label": "auth", "model": "group"}}, {"model": "contenttypes.contenttype", "pk": 4, "fields": {"app_label": "auth", "model": "user"}}, {"model": "contenttypes.contenttype", "pk": 5, "fields": {"app_label": "contenttypes", "model": "contenttype"}}, {"model": "contenttypes.contenttype", "pk": 6, "fields": {"app_label": "sessions", "model": "session"}}, {"model": "contenttypes.contenttype", "pk": 7, "fields": {"app_label": "competition", "model": "discipline"}}, {"model": "contenttypes.contenttype", "pk": 8, "fields": {"app_label": "competition", "model": "gender"}}, {"model": "contenttypes.contenttype", "pk": 9, "fields": {"app_label": "competition", "model": "school"}}, {"model": "contenttypes.contenttype", "pk": 10, "fields": {"app_label": "competition", "model": "season"}}, {"model": "contenttypes.contenttype", "pk": 11, "fields": {"app_label": "competition", "model": "competitionday"}}, {"model": "contenttypes.contenttype", "pk": 12, "fields": {"app_label": "competition", "model": "competitor"}}, {"model": "contenttypes.contenttype", "pk": 13, "fields": {"app_label": "competition", "model": "group"}}, {"model": "contenttypes.contenttype", "pk": 14, "fields": {"app_label": "competition", "model": "cart"}}, {"model": "contenttypes.contenttype", "pk": 15, "fields": {"app_label": "competition", "model": "stage"}}, {"model": "contenttypes.contenttype", "pk": 16, "fields": {"app_label": "competition", "model": "results"}}, {"model": "contenttypes.contenttype", "pk": 17, "fields": {"app_label": "authtoken", "model": "token"}}, {"model": "contenttypes.contenttype", "pk": 18, "fields": {"app_label": "authtoken", "model": "tokenproxy"}}, {"model": "sessions.session", "pk": "2twep6c40nkfvaec8adz9s4y611b6gwt", "fields": {"session_data": ".eJxVjDsOwjAQRO_iGlle_0NJnzNYa3uNA8iR4qRC3J1ESgHNFPPezJsF3NYatk5LmDK7MmCX3y5ielI7QH5gu888zW1dpsgPhZ-083HO9Lqd7t9BxV73NRlH1oKRKFEkKwiHmLwiT0MyArRQHjPsGQFAKyewmAJOky5SFVLs8wXTUDda:1rZajj:ZBZnROMyDobrvCVk4CyqwO_5U4WpGSnEZB3_GP1jcYw", "expire_date": "2024-02-26T18:08:59.966Z"}}, {"model": "sessions.session", "pk": "e1ef342lgf056d967o45jbc8u9or3pza", "fields": {"session_data": ".eJxVjDsOwjAQRO_iGlle_0NJnzNYa3uNA8iR4qRC3J1ESgHNFPPezJsF3NYatk5LmDK7MmCX3y5ielI7QH5gu888zW1dpsgPhZ-083HO9Lqd7t9BxV73NRlH1oKRKFEkKwiHmLwiT0MyArRQHjPsGQFAKyewmAJOky5SFVLs8wXTUDda:1raAfF:0qh0QOTwK-NcMKaOTJQmNglM2BsKzEThw0SDsxX_PLw", "expire_date": "2024-02-28T08:30:45.815Z"}}, {"model": "sessions.session", "pk": "eg1w1lo04ob78uqtoprmccfm0fc9z1vg", "fields": {"session_data": ".eJxVjDsOwjAQRO_iGlle_0NJnzNYa3uNA8iR4qRC3J1ESgHNFPPezJsF3NYatk5LmDK7MmCX3y5ielI7QH5gu888zW1dpsgPhZ-083HO9Lqd7t9BxV73NRlH1oKRKFEkKwiHmLwiT0MyArRQHjPsGQFAKyewmAJOky5SFVLs8wXTUDda:1rP62e:M3EwHKsTHqhNT8LnkE-Pv43N572zLLW-S8Kal0EbrUg", "expire_date": "2024-01-28T19:21:08.621Z"}}, {"model": "competition.gender", "pk": 1, "fields": {"gender": "კაცი", "created": "2024-01-14T19:21:27.871Z"}}, {"model": "competition.gender", "pk": 2, "fields": {"gender": "ქალი", "created": "2024-01-14T19:21:35.343Z"}}, {"model": "competition.discipline", "pk": 1, "fields": {"discipline": "გიგანტური სლალომი"}}, {"model": "competition.discipline", "pk": 2, "fields": {"discipline": "სპეციალური სლალომი"}}, {"model": "competition.discipline", "pk": 3, "fields": {"discipline": "სლალომი"}}, {"model": "competition.school", "pk": 1, "fields": {"school_name": "თბილისი", "created": "2024-01-14T19:52:52.672Z"}}, {"model": "competition.school", "pk": 2, "fields": {"school_name": "ბაკურიანი", "created": "2024-01-14T19:53:01.244Z"}}, {"model": "competition.school", "pk": 3, "fields": {"school_name": "აჭარა", "created": "2024-01-14T19:53:04.164Z"}}, {"model": "competition.school", "pk": 4, "fields": {"school_name": "გუდაური", "created": "2024-01-14T19:53:20.068Z"}}, {"model": "competition.school", "pk": 5, "fields": {"school_name": "ყაზბეგი", "created": "2024-01-14T19:53:30.495Z"}}, {"model": "competition.school", "pk": 6, "fields": {"school_name": "სვანეთი", "created": "2024-01-14T19:54:03.406Z"}}, {"model": "competition.competitor", "pk": 9, "fields": {"name": "ქეთი", "surname": "ჯაფარიძე", "gender": 2, "year": 2009, "school": 6, "updated": "2024-01-23T07:40:10.147Z", "created": "2024-01-23T07:40:10.147Z"}}, {"model": "competition.competitor", "pk": 10, "fields": {"name": "ელზა", "surname": "ჩოგაძე", "gender": 2, "year": 2009, "school": 3, "updated": "2024-01-23T07:40:31.336Z", "created": "2024-01-23T07:40:31.336Z"}}, {"model": "competition.competitor", "pk": 11, "fields": {"name": "ნინო", "surname": "ფალიანი", "gender": 2, "year": 2008, "school": 6, "updated": "2024-01-23T07:40:49.872Z", "created": "2024-01-23T07:40:49.872Z"}}, {"model": "competition.competitor", "pk": 12, "fields": {"name": "ნინო", "surname": "ჯანუყაშვილი", "gender": 2, "year": 2009, "school": 5, "updated": "2024-01-23T07:41:20.139Z", "created": "2024-01-23T07:41:20.139Z"}}, {"model": "competition.competitor", "pk": 13, "fields": {"name": "ნელი", "surname": "უსტიმენკო", "gender": 2, "year": 2008, "school": 2, "updated": "2024-01-23T07:41:34.924Z", "created": "2024-01-23T07:41:34.924Z"}}, {"model": "competition.competitor", "pk": 14, "fields": {"name": "ნატა", "surname": "მეხეშიძე", "gender": 2, "year": 2007, "school": 3, "updated": "2024-01-23T07:41:49.582Z", "created": "2024-01-23T07:41:49.582Z"}}, {"model": "competition.competitor", "pk": 15, "fields": {"name": "ნინი", "surname": "გოგოლაძე", "gender": 2, "year": 2006, "school": 2, "updated": "2024-01-23T07:42:07.336Z", "created": "2024-01-23T07:42:07.336Z"}}, {"model": "competition.competitor", "pk": 16, "fields": {"name": "ზეინაბი", "surname": "ჩოგაძე", "gender": 2, "year": 2007, "school": 3, "updated": "2024-01-23T07:42:24.415Z", "created": "2024-01-23T07:42:24.415Z"}}, {"model": "competition.competitor", "pk": 17, "fields": {"name": "ნინო", "surname": "ენუქიძე", "gender": 2, "year": 2006, "school": 1, "updated": "2024-01-23T07:42:48.736Z", "created": "2024-01-23T07:42:48.736Z"}}, {"model": "competition.competitor", "pk": 18, "fields": {"name": "მარიამი", "surname": "ნავერიანი", "gender": 2, "year": 2004, "school": 6, "updated": "2024-01-23T07:43:07.608Z", "created": "2024-01-23T07:43:07.608Z"}}, {"model": "competition.competitor", "pk": 19, "fields": {"name": "მარი", "surname": "ჩოგაძე", "gender": 2, "year": 2004, "school": 3, "updated": "2024-01-23T07:43:31.946Z", "created": "2024-01-23T07:43:31.946Z"}}, {"model": "competition.competitor", "pk": 20, "fields": {"name": "გვანცა", "surname": "ბეგიაშვილი", "gender": 2, "year": 2005, "school": 6, "updated": "2024-01-23T07:43:47.398Z", "created": "2024-01-23T07:43:47.398Z"}}, {"model": "competition.competitor", "pk": 21, "fields": {"name": "კატო", "surname": "გოცირიძე", "gender": 2, "year": 2000, "school": 4, "updated": "2024-01-23T07:44:14.781Z", "created": "2024-01-23T07:44:14.781Z"}}, {"model": "competition.competitor", "pk": 22, "fields": {"name": "მარი", "surname": "კოჩალიძე", "gender": 2, "year": 2005, "school": 3, "updated": "2024-01-23T07:44:41.851Z", "created": "2024-01-23T07:44:41.851Z"}}, {"model": "competition.competitor", "pk": 23, "fields": {"name": "გიორგი", "surname": "ჯაფარიძე", "gender": 1, "year": 2008, "school": 6, "updated": "2024-01-23T07:45:04.864Z", "created": "2024-01-23T07:45:04.864Z"}}, {"model": "competition.competitor", "pk": 24, "fields": {"name": "ირაკლი", "surname": "აბესაძე", "gender": 1, "year": 2008, "school": 2, "updated": "2024-01-23T07:45:34.390Z", "created": "2024-01-23T07:45:34.390Z"}}, {"model": "competition.competitor", "pk": 25, "fields": {"name": "დავითი", "surname": "გამცემლიძე", "gender": 1, "year": 2009, "school": 1, "updated": "2024-01-23T07:45:49.237Z", "created": "2024-01-23T07:45:49.237Z"}}, {"model": "competition.competitor", "pk": 26, "fields": {"name": "ნიკოლოზი", "surname": "ხაფავა", "gender": 1, "year": 2008, "school": 1, "updated": "2024-01-23T07:46:07.025Z", "created": "2024-01-23T07:46:07.025Z"}}, {"model": "competition.competitor", "pk": 27, "fields": {"name": "ალექსანდრე", "surname": "გეორქოვი", "gender": 1, "year": 2008, "school": 2, "updated": "2024-01-23T07:46:20.656Z", "created": "2024-01-23T07:46:20.656Z"}}, {"model": "competition.competitor", "pk": 28, "fields": {"name": "ირაკლი", "surname": "ხერგიანი", "gender": 1, "year": 2008, "school": 6, "updated": "2024-01-23T07:46:38.422Z", "created": "2024-01-23T07:46:38.423Z"}}, {"model": "competition.competitor", "pk": 29, "fields": {"name": "მირიანი", "surname": "პაქსაძე", "gender": 1, "year": 2008, "school": 3, "updated": "2024-01-23T07:47:05.758Z", "created": "2024-01-23T07:47:05.758Z"}}, {"model": "competition.competitor", "pk": 30, "fields": {"name": "თემური", "surname": "გელაძე", "gender": 1, "year": 2008, "school": 3, "updated": "2024-01-23T07:48:39.623Z", "created": "2024-01-23T07:48:39.623Z"}}, {"model": "competition.competitor", "pk": 31, "fields": {"name": "ვაჟიკო", "surname": "ღუდუშაური", "gender": 1, "year": 2008, "school": 5, "updated": "2024-01-23T07:48:55.736Z", "created": "2024-01-23T07:48:55.736Z"}}, {"model": "competition.competitor", "pk": 32, "fields": {"name": "თამაზი", "surname": "პაქსაძე", "gender": 1, "year": 2008, "school": 3, "updated": "2024-01-23T07:49:20.566Z", "created": "2024-01-23T07:49:20.566Z"}}, {"model": "competition.competitor", "pk": 33, "fields": {"name": "შაკო", "surname": "თუხარელი", "gender": 1, "year": 2009, "school": 5, "updated": "2024-02-08T14:51:06.770Z", "created": "2024-02-08T14:51:06.770Z"}}, {"model": "competition.competitor", "pk": 34, "fields": {"name": "ნიკოლოზი", "surname": "ლებანიძე", "gender": 1, "year": 2009, "school": 1, "updated": "2024-02-12T17:33:54.871Z", "created": "2024-02-12T17:33:54.871Z"}}, {"model": "competition.competitor", "pk": 35, "fields": {"name": "მათე", "surname": "ტუჩაშვილი", "gender": 1, "year": 2008, "school": 5, "updated": "2024-02-12T17:34:06.690Z", "created": "2024-02-12T17:34:06.690Z"}}, {"model": "competition.competitor", "pk": 36, "fields": {"name": "გიორგი", "surname": "ხულელიძე", "gender": 1, "year": 2008, "school": 5, "updated": "2024-02-12T17:34:17.898Z", "created": "2024-02-12T17:34:17.898Z"}}, {"model": "competition.competitor", "pk": 37, "fields": {"name": "მამუკა", "surname": "გუჯარაიძე", "gender": 1, "year": 2008, "school": 5, "updated": "2024-02-12T17:34:36.023Z", "created": "2024-02-12T17:34:36.023Z"}}, {"model": "competition.competitor", "pk": 38, "fields": {"name": "ლუკა", "surname": "დულათი", "gender": 1, "year": 2006, "school": 1, "updated": "2024-02-12T17:35:05.133Z", "created": "2024-02-12T17:34:48.103Z"}}, {"model": "competition.competitor", "pk": 39, "fields": {"name": "ოთო", "surname": "ხვედელიძე", "gender": 1, "year": 2006, "school": 2, "updated": "2024-02-12T17:35:18.786Z", "created": "2024-02-12T17:35:18.786Z"}}, {"model": "competition.competitor", "pk": 40, "fields": {"name": "ნიკოლოზი", "surname": "გოგოლაძე", "gender": 1, "year": 2007, "school": 2, "updated": "2024-02-12T17:35:32.524Z", "created": "2024-02-12T17:35:32.524Z"}}, {"model": "competition.competitor", "pk": 41, "fields": {"name": "ცოტნე", "surname": "ლებანიძე", "gender": 1, "year": 2006, "school": 1, "updated": "2024-02-12T17:35:51.104Z", "created": "2024-02-12T17:35:51.104Z"}}, {"model": "competition.competitor", "pk": 42, "fields": {"name": "იასე", "surname": "ვეზდენი", "gender": 1, "year": 2007, "school": 6, "updated": "2024-02-12T17:36:05.855Z", "created": "2024-02-12T17:36:05.855Z"}}, {"model": "competition.competitor", "pk": 43, "fields": {"name": "ანრი", "surname": "მეხეშიძე", "gender": 1, "year": 2006, "school": 3, "updated": "2024-02-12T17:36:22.703Z", "created": "2024-02-12T17:36:22.703Z"}}, {"model": "competition.competitor", "pk": 44, "fields": {"name": "ლუკა", "surname": "ჯორბენაძე", "gender": 1, "year": 2006, "school": 3, "updated": "2024-02-12T17:36:35.348Z", "created": "2024-02-12T17:36:35.348Z"}}, {"model": "competition.competitor", "pk": 45, "fields": {"name": "პეტრე", "surname": "ბახუტაშვილი", "gender": 1, "year": 2007, "school": 4, "updated": "2024-02-12T17:36:51.186Z", "created": "2024-02-12T17:36:51.186Z"}}, {"model": "competition.competitor", "pk": 46, "fields": {"name": "ნიკოლოზი", "surname": "ბოლქვაძე", "gender": 1, "year": 2006, "school": 3, "updated": "2024-02-12T17:37:09.499Z", "created": "2024-02-12T17:37:09.499Z"}}, {"model": "competition.competitor", "pk": 47, "fields": {"name": "გიორგი", "surname": "ჩოპიკაშვილი", "gender": 1, "year": 2006, "school": 5, "updated": "2024-02-12T17:37:21.737Z", "created": "2024-02-12T17:37:21.737Z"}}, {"model": "competition.competitor", "pk": 48, "fields": {"name": "ლუკა", "surname": "ქუშაშვილი", "gender": 1, "year": 2008, "school": 5, "updated": "2024-02-12T17:37:33.536Z", "created": "2024-02-12T17:37:33.536Z"}}, {"model": "competition.competitor", "pk": 49, "fields": {"name": "ნიკოლოზი", "surname": "კობახიძე", "gender": 1, "year": 2007, "school": 1, "updated": "2024-02-12T17:37:46.324Z", "created": "2024-02-12T17:37:46.324Z"}}, {"model": "competition.competitor", "pk": 50, "fields": {"name": "რატი", "surname": "ხაფავა", "gender": 1, "year": 2006, "school": 1, "updated": "2024-02-12T17:38:01.917Z", "created": "2024-02-12T17:38:01.917Z"}}, {"model": "competition.competitor", "pk": 51, "fields": {"name": "სანდრო", "surname": "პირმისაშვილი", "gender": 1, "year": 2006, "school": 1, "updated": "2024-02-12T17:38:16.307Z", "created": "2024-02-12T17:38:16.307Z"}}, {"model": "competition.competitor", "pk": 52, "fields": {"name": "ლუკა", "surname": "ბურდული", "gender": 1, "year": 2006, "school": 4, "updated": "2024-02-12T17:38:27.187Z", "created": "2024-02-12T17:38:27.187Z"}}, {"model": "competition.competitor", "pk": 53, "fields": {"name": "გოგა", "surname": "გულედანი", "gender": 1, "year": 2007, "school": 6, "updated": "2024-02-12T17:38:40.537Z", "created": "2024-02-12T17:38:40.537Z"}}, {"model": "competition.competitor", "pk": 54, "fields": {"name": "გიორგი", "surname": "კურტანიძე", "gender": 1, "year": 1999, "school": 2, "updated": "2024-02-12T17:38:53.166Z", "created": "2024-02-12T17:38:53.166Z"}}, {"model": "competition.competitor", "pk": 55, "fields": {"name": "ლევანი", "surname": "ნაზღაიძე", "gender": 1, "year": 2005, "school": 4, "updated": "2024-02-12T17:39:04.520Z", "created": "2024-02-12T17:39:04.520Z"}}, {"model": "competition.competitor", "pk": 56, "fields": {"name": "ნიკოლოზი", "surname": "გაგაძე", "gender": 1, "year": 2003, "school": 4, "updated": "2024-02-12T17:39:17.415Z", "created": "2024-02-12T17:39:17.415Z"}}, {"model": "competition.competitor", "pk": 57, "fields": {"name": "ოთო", "surname": "წულეისკირი", "gender": 1, "year": 2005, "school": 2, "updated": "2024-02-12T17:39:33.793Z", "created": "2024-02-12T17:39:33.793Z"}}, {"model": "competition.competitor", "pk": 58, "fields": {"name": "გიორგი", "surname": "გულედანი", "gender": 1, "year": 2005, "school": 6, "updated": "2024-02-12T17:39:55.539Z", "created": "2024-02-12T17:39:55.539Z"}}, {"model": "competition.competitor", "pk": 59, "fields": {"name": "მანუჩარ", "surname": "პაპიძე", "gender": 1, "year": 2004, "school": 3, "updated": "2024-02-12T17:40:12.483Z", "created": "2024-02-12T17:40:12.483Z"}}, {"model": "competition.competitor", "pk": 60, "fields": {"name": "კოტიკო", "surname": "გოცირიძე", "gender": 1, "year": 2005, "school": 4, "updated": "2024-02-12T17:40:28.344Z", "created": "2024-02-12T17:40:28.344Z"}}, {"model": "competition.competitor", "pk": 61, "fields": {"name": "ნოდარ", "surname": "ჯორბენაძე", "gender": 1, "year": 2003, "school": 3, "updated": "2024-02-12T17:40:44.007Z", "created": "2024-02-12T17:40:44.007Z"}}, {"model": "competition.competitor", "pk": 62, "fields": {"name": "გიორგი", "surname": "აბრამიშვილი", "gender": 1, "year": 2001, "school": 2, "updated": "2024-02-12T17:40:54.231Z", "created": "2024-02-12T17:40:54.231Z"}}, {"model": "competition.competitor", "pk": 63, "fields": {"name": "ნინო", "surname": "გეორქოვი", "gender": 2, "year": 2009, "school": 2, "updated": "2024-02-12T17:41:24.638Z", "created": "2024-02-12T17:41:24.638Z"}}, {"model": "competition.competitor", "pk": 64, "fields": {"name": "ნენე", "surname": "ლებანიძე", "gender": 2, "year": 2011, "school": 1, "updated": "2024-02-12T17:41:54.891Z", "created": "2024-02-12T17:41:54.891Z"}}, {"model": "competition.competitor", "pk": 65, "fields": {"name": "ანასტასია", "surname": "ვიბლიანი", "gender": 2, "year": 2010, "school": 2, "updated": "2024-02-12T17:42:11.043Z", "created": "2024-02-12T17:42:11.043Z"}}, {"model": "competition.competitor", "pk": 66, "fields": {"name": "სანდრო", "surname": "ხვედელიძე", "gender": 1, "year": 2010, "school": 2, "updated": "2024-02-12T17:42:30.718Z", "created": "2024-02-12T17:42:30.718Z"}}, {"model": "competition.competitor", "pk": 67, "fields": {"name": "ალექსანდრე", "surname": "ჯანგუვენი", "gender": 1, "year": 2010, "school": 2, "updated": "2024-02-12T17:42:42.884Z", "created": "2024-02-12T17:42:42.884Z"}}, {"model": "competition.competitor", "pk": 68, "fields": {"name": "ნოდარ", "surname": "კოზანაშვილი", "gender": 1, "year": 2002, "school": 2, "updated": "2024-02-12T17:42:54.531Z", "created": "2024-02-12T17:42:54.531Z"}}, {"model": "competition.competitor", "pk": 69, "fields": {"name": "ქეთი", "surname": "ვეზდენი", "gender": 2, "year": 2010, "school": 6, "updated": "2024-02-12T17:43:08.066Z", "created": "2024-02-12T17:43:08.066Z"}}, {"model": "competition.competitor", "pk": 70, "fields": {"name": "ილარიონ", "surname": "მუშკუდიანი", "gender": 1, "year": 2010, "school": 6, "updated": "2024-02-12T17:43:37.003Z", "created": "2024-02-12T17:43:37.003Z"}}, {"model": "competition.competitor", "pk": 71, "fields": {"name": "კახა", "surname": "გოშთელიანი", "gender": 1, "year": 2010, "school": 6, "updated": "2024-02-12T17:43:49.734Z", "created": "2024-02-12T17:43:49.734Z"}}, {"model": "competition.competitor", "pk": 72, "fields": {"name": "თორნიკე", "surname": "ფალიანი", "gender": 1, "year": 2010, "school": 6, "updated": "2024-02-12T17:44:03.672Z", "created": "2024-02-12T17:44:03.672Z"}}, {"model": "competition.competitor", "pk": 73, "fields": {"name": "ზაზა", "surname": "ტარიელაძე", "gender": 1, "year": 2008, "school": 3, "updated": "2024-02-12T17:44:13.256Z", "created": "2024-02-12T17:44:13.256Z"}}, {"model": "competition.competitor", "pk": 74, "fields": {"name": "თემურ", "surname": "მიქელაძე", "gender": 1, "year": 2012, "school": 3, "updated": "2024-02-12T17:44:23.974Z", "created": "2024-02-12T17:44:23.974Z"}}, {"model": "competition.competitor", "pk": 75, "fields": {"name": "გიგა", "surname": "მეხეშიძე", "gender": 1, "year": 2010, "school": 3, "updated": "2024-02-12T17:44:33.851Z", "created": "2024-02-12T17:44:33.852Z"}}, {"model": "competition.competitor", "pk": 76, "fields": {"name": "ანრი", "surname": "ჩოგაძე", "gender": 1, "year": 2009, "school": 3, "updated": "2024-02-12T17:44:44.981Z", "created": "2024-02-12T17:44:44.981Z"}}, {"model": "competition.competitor", "pk": 77, "fields": {"name": "ლუკა", "surname": "ბუჩუკური", "gender": 1, "year": 2004, "school": 4, "updated": "2024-02-12T17:44:56.855Z", "created": "2024-02-12T17:44:56.855Z"}}, {"model": "competition.competitor", "pk": 78, "fields": {"name": "გიორგი", "surname": "ნაზღაიძე", "gender": 1, "year": 2011, "school": 4, "updated": "2024-02-12T17:45:08.938Z", "created": "2024-02-12T17:45:08.938Z"}}, {"model": "competition.competitor", "pk": 79, "fields": {"name": "ნიკოლოზ", "surname": "ბურდული", "gender": 1, "year": 2010, "school": 4, "updated": "2024-02-12T17:45:20.216Z", "created": "2024-02-12T17:45:20.216Z"}}, {"model": "competition.competitor", "pk": 80, "fields": {"name": "ანდრია", "surname": "ბურდული", "gender": 1, "year": 2011, "school": 4, "updated": "2024-02-12T17:45:31.063Z", "created": "2024-02-12T17:45:31.063Z"}}, {"model": "competition.competitor", "pk": 81, "fields": {"name": "ნოე", "surname": "ზაქაიძე", "gender": 1, "year": 2012, "school": 4, "updated": "2024-02-12T17:45:44.222Z", "created": "2024-02-12T17:45:44.222Z"}}, {"model": "competition.competitor", "pk": 82, "fields": {"name": "მათე", "surname": "სისვაძე", "gender": 1, "year": 2011, "school": 4, "updated": "2024-02-12T17:45:53.803Z", "created": "2024-02-12T17:45:53.803Z"}}, {"model": "competition.competitor", "pk": 83, "fields": {"name": "ანასტასია", "surname": "მირიანაშვილი", "gender": 2, "year": 2007, "school": 4, "updated": "2024-02-12T17:46:08.698Z", "created": "2024-02-12T17:46:08.698Z"}}, {"model": "competition.competitor", "pk": 84, "fields": {"name": "კატო", "surname": "ცირეკიძე", "gender": 2, "year": 2011, "school": 4, "updated": "2024-02-12T17:46:20.847Z", "created": "2024-02-12T17:46:20.847Z"}}, {"model": "competition.competitor", "pk": 85, "fields": {"name": "ელენე", "surname": "ბურდული", "gender": 2, "year": 2009, "school": 4, "updated": "2024-02-12T17:47:15.242Z", "created": "2024-02-12T17:47:15.242Z"}}, {"model": "competition.competitor", "pk": 86, "fields": {"name": "ბექა", "surname": "ცეცხლაძე", "gender": 1, "year": 2009, "school": 3, "updated": "2024-02-12T17:47:33.792Z", "created": "2024-02-12T17:47:33.792Z"}}, {"model": "competition.competitor", "pk": 87, "fields": {"name": "ბაჩი", "surname": "კოჩალიძე", "gender": 1, "year": 2009, "school": 3, "updated": "2024-02-12T17:47:54.231Z", "created": "2024-02-12T17:47:54.231Z"}}, {"model": "competition.competitor", "pk": 88, "fields": {"name": "თემურ", "surname": "გელაძე", "gender": 1, "year": 2008, "school": 3, "updated": "2024-02-12T17:48:05.976Z", "created": "2024-02-12T17:48:05.976Z"}}, {"model": "competition.competitor", "pk": 89, "fields": {"name": "ნატა", "surname": "ჩოგაძე", "gender": 2, "year": 2006, "school": 3, "updated": "2024-02-12T17:48:21.664Z", "created": "2024-02-12T17:48:21.664Z"}}, {"model": "competition.competitor", "pk": 90, "fields": {"name": "ბეტო", "surname": "შანთაძე", "gender": 1, "year": 2003, "school": 3, "updated": "2024-02-12T17:48:34.877Z", "created": "2024-02-12T17:48:34.877Z"}}, {"model": "competition.competitor", "pk": 91, "fields": {"name": "ირაკლი", "surname": "გოგოლაძე", "gender": 1, "year": 2012, "school": 2, "updated": "2024-02-12T17:48:46.713Z", "created": "2024-02-12T17:48:46.713Z"}}, {"model": "competition.competitor", "pk": 93, "fields": {"name": "ალექსანდრე", "surname": "ნასყიდაშვილი", "gender": 1, "year": 2011, "school": 2, "updated": "2024-02-12T17:50:38.002Z", "created": "2024-02-12T17:50:38.002Z"}}, {"model": "competition.competitor", "pk": 94, "fields": {"name": "ნიკუშა", "surname": "კვიციანი", "gender": 1, "year": 2008, "school": 6, "updated": "2024-02-12T17:50:52.276Z", "created": "2024-02-12T17:50:52.276Z"}}, {"model": "competition.competitor", "pk": 95, "fields": {"name": "სანდრო", "surname": "ჟორჟოლიანი", "gender": 1, "year": 2001, "school": 6, "updated": "2024-02-12T17:51:02.823Z", "created": "2024-02-12T17:51:02.824Z"}}, {"model": "competition.competitor", "pk": 96, "fields": {"name": "ანუკი", "surname": "ჩოგაძე", "gender": 2, "year": 2002, "school": 3, "updated": "2024-02-12T17:51:17.918Z", "created": "2024-02-12T17:51:17.918Z"}}, {"model": "competition.season", "pk": 1, "fields": {"season": "2022-2023", "updated": "2024-01-14T19:56:51.350Z", "created": "2024-01-14T19:56:51.350Z"}}, {"model": "competition.stage", "pk": 1, "fields": {"name": "ეტაპი 1", "season": 1, "updated": "2024-01-14T19:57:01.376Z", "created": "2024-01-14T19:57:01.376Z"}}, {"model": "competition.competitionday", "pk": 3, "fields": {"stage": 1, "discipline": 1, "period": "2023-04-07", "updated": "2024-02-12T17:52:38.445Z", "created": "2024-02-12T17:52:38.445Z"}}, {"model": "competition.competitionday", "pk": 4, "fields": {"stage": 1, "discipline": 2, "period": "2023-04-09", "updated": "2024-02-12T17:53:02.462Z", "created": "2024-02-12T17:53:02.462Z"}}, {"model": "competition.group", "pk": 3, "fields": {"competition": 3, "group_name": "გოგოები 2011-2012", "gender": 2}}, {"model": "competition.group", "pk": 4, "fields": {"competition": 3, "group_name": "გოგოები 2009-2010", "gender": 2}}, {"model": "competition.group", "pk": 5, "fields": {"competition": 3, "group_name": "გოგოები 2007-2008", "gender": 2}}, {"model": "competition.group", "pk": 6, "fields": {"competition": 3, "group_name": "გოგოები 2006 ↓", "gender": 2}}, {"model": "competition.group", "pk": 7, "fields": {"competition": 3, "group_name": "ვაჟები 2011-2012", "gender": 1}}, {"model": "competition.group", "pk": 8, "fields": {"competition": 3, "group_name": "ვაჟები 2009-2010", "gender": 1}}, {"model": "competition.group", "pk": 9, "fields": {"competition": 3, "group_name": "ვაჟები 2007-2008", "gender": 1}}, {"model": "competition.group", "pk": 10, "fields": {"competition": 3, "group_name": "ვაჟები 2006 ↓", "gender": 1}}, {"model": "competition.group", "pk": 11, "fields": {"competition": 4, "group_name": "გოგოები 2011-2012", "gender": 2}}, {"model": "competition.group", "pk": 12, "fields": {"competition": 4, "group_name": "გოგოები 2009-2010", "gender": 2}}, {"model": "competition.group", "pk": 13, "fields": {"competition": 4, "group_name": "გოგოები 2007-2008", "gender": 2}}, {"model": "competition.group", "pk": 14, "fields": {"competition": 4, "group_name": "გოგოები 2006 ↓", "gender": 2}}, {"model": "competition.group", "pk": 15, "fields": {"competition": 4, "group_name": "ვაჟები 2011-2012", "gender": 1}}, {"model": "competition.group", "pk": 16, "fields": {"competition": 4, "group_name": "ვაჟები 2009-2010", "gender": 1}}, {"model": "competition.group", "pk": 17, "fields": {"competition": 4, "group_name": "ვაჟები 2007-2008", "gender": 1}}, {"model": "competition.group", "pk": 18, "fields": {"competition": 4, "group_name": "ვაჟები 2006 ↓", "gender": 1}}, {"model": "competition.cart", "pk": 15, "fields": {"group": 3, "competitor": 64, "bib_number": 2}}, {"model": "competition.cart", "pk": 16, "fields": {"group": 3, "competitor": 84, "bib_number": 1}}, {"model": "competition.cart", "pk": 17, "fields": {"group": 4, "competitor": 85, "bib_number": 9}}, {"model": "competition.cart", "pk": 18, "fields": {"group": 4, "competitor": 63, "bib_number": 8}}, {"model": "competition.cart", "pk": 19, "fields": {"group": 4, "competitor": 12, "bib_number": 3}}, {"model": "competition.cart", "pk": 20, "fields": {"group": 4, "competitor": 10, "bib_number": 4}}, {"model": "competition.cart", "pk": 21, "fields": {"group": 4, "competitor": 9, "bib_number": 7}}, {"model": "competition.cart", "pk": 22, "fields": {"group": 4, "competitor": 69, "bib_number": 6}}, {"model": "competition.cart", "pk": 23, "fields": {"group": 4, "competitor": 65, "bib_number": 5}}, {"model": "competition.cart", "pk": 24, "fields": {"group": 5, "competitor": 83, "bib_number": 10}}, {"model": "competition.cart", "pk": 25, "fields": {"group": 5, "competitor": 16, "bib_number": 14}}, {"model": "competition.cart", "pk": 26, "fields": {"group": 5, "competitor": 14, "bib_number": 13}}, {"model": "competition.cart", "pk": 27, "fields": {"group": 5, "competitor": 13, "bib_number": 11}}, {"model": "competition.cart", "pk": 28, "fields": {"group": 5, "competitor": 11, "bib_number": 12}}, {"model": "competition.cart", "pk": 29, "fields": {"group": 6, "competitor": 89, "bib_number": 17}}, {"model": "competition.cart", "pk": 30, "fields": {"group": 6, "competitor": 17, "bib_number": 15}}, {"model": "competition.cart", "pk": 31, "fields": {"group": 6, "competitor": 19, "bib_number": 16}}, {"model": "competition.cart", "pk": 32, "fields": {"group": 7, "competitor": 93, "bib_number": 2}}, {"model": "competition.cart", "pk": 33, "fields": {"group": 7, "competitor": 82, "bib_number": 1}}, {"model": "competition.cart", "pk": 34, "fields": {"group": 7, "competitor": 80, "bib_number": 7}}, {"model": "competition.cart", "pk": 35, "fields": {"group": 7, "competitor": 78, "bib_number": 4}}, {"model": "competition.cart", "pk": 36, "fields": {"group": 7, "competitor": 91, "bib_number": 5}}, {"model": "competition.cart", "pk": 37, "fields": {"group": 7, "competitor": 81, "bib_number": 6}}, {"model": "competition.cart", "pk": 38, "fields": {"group": 7, "competitor": 74, "bib_number": 3}}, {"model": "competition.cart", "pk": 39, "fields": {"group": 8, "competitor": 79, "bib_number": 10}}, {"model": "competition.cart", "pk": 40, "fields": {"group": 8, "competitor": 75, "bib_number": 14}}, {"model": "competition.cart", "pk": 41, "fields": {"group": 8, "competitor": 72, "bib_number": 12}}, {"model": "competition.cart", "pk": 42, "fields": {"group": 8, "competitor": 70, "bib_number": 11}}, {"model": "competition.cart", "pk": 43, "fields": {"group": 8, "competitor": 67, "bib_number": 13}}, {"model": "competition.cart", "pk": 44, "fields": {"group": 8, "competitor": 66, "bib_number": 8}}, {"model": "competition.cart", "pk": 45, "fields": {"group": 8, "competitor": 71, "bib_number": 9}}, {"model": "competition.cart", "pk": 46, "fields": {"group": 8, "competitor": 86, "bib_number": 15}}, {"model": "competition.cart", "pk": 47, "fields": {"group": 8, "competitor": 76, "bib_number": 16}}, {"model": "competition.cart", "pk": 48, "fields": {"group": 8, "competitor": 87, "bib_number": 17}}, {"model": "competition.cart", "pk": 49, "fields": {"group": 8, "competitor": 34, "bib_number": 18}}, {"model": "competition.cart", "pk": 50, "fields": {"group": 9, "competitor": 94, "bib_number": 29}}, {"model": "competition.cart", "pk": 51, "fields": {"group": 9, "competitor": 88, "bib_number": 30}}, {"model": "competition.cart", "pk": 52, "fields": {"group": 9, "competitor": 73, "bib_number": 31}}, {"model": "competition.cart", "pk": 53, "fields": {"group": 9, "competitor": 32, "bib_number": 19}}, {"model": "competition.cart", "pk": 54, "fields": {"group": 9, "competitor": 29, "bib_number": 21}}, {"model": "competition.cart", "pk": 55, "fields": {"group": 9, "competitor": 48, "bib_number": 26}}, {"model": "competition.cart", "pk": 56, "fields": {"group": 9, "competitor": 24, "bib_number": 25}}, {"model": "competition.cart", "pk": 57, "fields": {"group": 9, "competitor": 27, "bib_number": 24}}, {"model": "competition.cart", "pk": 58, "fields": {"group": 9, "competitor": 28, "bib_number": 22}}, {"model": "competition.cart", "pk": 59, "fields": {"group": 9, "competitor": 23, "bib_number": 23}}, {"model": "competition.cart", "pk": 60, "fields": {"group": 9, "competitor": 42, "bib_number": 20}}, {"model": "competition.cart", "pk": 61, "fields": {"group": 9, "competitor": 53, "bib_number": 27}}, {"model": "competition.cart", "pk": 62, "fields": {"group": 9, "competitor": 40, "bib_number": 28}}, {"model": "competition.cart", "pk": 63, "fields": {"group": 10, "competitor": 55, "bib_number": 41}}, {"model": "competition.cart", "pk": 64, "fields": {"group": 10, "competitor": 77, "bib_number": 35}}, {"model": "competition.cart", "pk": 65, "fields": {"group": 10, "competitor": 52, "bib_number": 39}}, {"model": "competition.cart", "pk": 66, "fields": {"group": 10, "competitor": 56, "bib_number": 38}}, {"model": "competition.cart", "pk": 67, "fields": {"group": 10, "competitor": 90, "bib_number": 42}}, {"model": "competition.cart", "pk": 68, "fields": {"group": 10, "competitor": 61, "bib_number": 34}}, {"model": "competition.cart", "pk": 69, "fields": {"group": 10, "competitor": 57, "bib_number": 32}}, {"model": "competition.cart", "pk": 70, "fields": {"group": 10, "competitor": 41, "bib_number": 37}}, {"model": "competition.cart", "pk": 71, "fields": {"group": 10, "competitor": 43, "bib_number": 33}}, {"model": "competition.cart", "pk": 72, "fields": {"group": 10, "competitor": 95, "bib_number": 40}}, {"model": "competition.cart", "pk": 73, "fields": {"group": 10, "competitor": 39, "bib_number": 36}}, {"model": "competition.results", "pk": 9, "fields": {"place": 2, "competitor": 15, "run1": "01:18,01", "run2": "", "run_total": "01:18,01", "point": 20, "season_point": 20}}, {"model": "competition.results", "pk": 10, "fields": {"place": 1, "competitor": 16, "run1": "01:12,43", "run2": "", "run_total": "01:12,43", "point": 25, "season_point": 25}}, {"model": "competition.results", "pk": 11, "fields": {"place": 5, "competitor": 17, "run1": "01:14,35", "run2": "", "run_total": "01:14,35", "point": 8, "season_point": 8}}, {"model": "competition.results", "pk": 12, "fields": {"place": 2, "competitor": 18, "run1": "01:04,33", "run2": "", "run_total": "01:04,33", "point": 20, "season_point": 20}}, {"model": "competition.results", "pk": 13, "fields": {"place": 7, "competitor": 19, "run1": "DNF", "run2": "", "run_total": null, "point": 0, "season_point": 0}}, {"model": "competition.results", "pk": 14, "fields": {"place": 4, "competitor": 20, "run1": "01:10,48", "run2": "", "run_total": "01:10,48", "point": 10, "season_point": 10}}, {"model": "competition.results", "pk": 15, "fields": {"place": 1, "competitor": 21, "run1": "00:59,80", "run2": "", "run_total": "00:59,80", "point": 25, "season_point": 25}}, {"model": "competition.results", "pk": 16, "fields": {"place": 3, "competitor": 22, "run1": "01:06,26", "run2": "", "run_total": "01:06,26", "point": 15, "season_point": 15}}, {"model": "competition.results", "pk": 17, "fields": {"place": 6, "competitor": 23, "run1": "DNF", "run2": "", "run_total": null, "point": 0, "season_point": 0}}, {"model": "competition.results", "pk": 18, "fields": {"place": 2, "competitor": 24, "run1": "01:00,17", "run2": "00:56,60", "run_total": "01:56,77", "point": 20, "season_point": 20}}, {"model": "competition.results", "pk": 19, "fields": {"place": 5, "competitor": 25, "run1": "01:17,88", "run2": "01:04,76", "run_total": "02:22,64", "point": 8, "season_point": 8}}, {"model": "competition.results", "pk": 20, "fields": {"place": 4, "competitor": 26, "run1": "01:07,22", "run2": "01:00,39", "run_total": "02:07,61", "point": 10, "season_point": 10}}, {"model": "competition.results", "pk": 21, "fields": {"place": 1, "competitor": 27, "run1": "00:58,91", "run2": "00:57,61", "run_total": "01:56,52", "point": 25, "season_point": 25}}, {"model": "competition.results", "pk": 22, "fields": {"place": 3, "competitor": 28, "run1": "01:05,23", "run2": "00:58,31", "run_total": "02:03,54", "point": 15, "season_point": 15}}, {"model": "competition.results", "pk": 23, "fields": {"place": 3, "competitor": 29, "run1": "DNS", "run2": "", "run_total": null, "point": 0, "season_point": 0}}, {"model": "competition.results", "pk": 24, "fields": {"place": 2, "competitor": 30, "run1": "01:00,11", "run2": "00:59,50", "run_total": "01:59,61", "point": 20, "season_point": 20}}, {"model": "competition.results", "pk": 25, "fields": {"place": 1, "competitor": 31, "run1": "01:01,30", "run2": "00:57,36", "run_total": "01:58,66", "point": 25, "season_point": 25}}, {"model": "competition.results", "pk": 26, "fields": {"place": 2, "competitor": 32, "run1": "01:08,04", "run2": "", "run_total": "01:08,04", "point": 20, "season_point": 20}}, {"model": "competition.results", "pk": 27, "fields": {"place": 6, "competitor": 33, "run1": "01:28,13", "run2": "", "run_total": "01:28,13", "point": 6, "season_point": 6}}, {"model": "competition.results", "pk": 28, "fields": {"place": 7, "competitor": 34, "run1": "DNS", "run2": "", "run_total": null, "point": 0, "season_point": 0}}, {"model": "competition.results", "pk": 29, "fields": {"place": 1, "competitor": 35, "run1": "01:02,96", "run2": "", "run_total": "01:02,96", "point": 25, "season_point": 25}}, {"model": "competition.results", "pk": 30, "fields": {"place": 4, "competitor": 36, "run1": "01:19,29", "run2": "", "run_total": "01:19,29", "point": 10, "season_point": 10}}, {"model": "competition.results", "pk": 31, "fields": {"place": 3, "competitor": 37, "run1": "01:15,24", "run2": "", "run_total": "01:15,24", "point": 15, "season_point": 15}}, {"model": "competition.results", "pk": 32, "fields": {"place": 5, "competitor": 38, "run1": "01:22,94", "run2": "", "run_total": "01:22,94", "point": 8, "season_point": 8}}, {"model": "competition.results", "pk": 33, "fields": {"place": 8, "competitor": 39, "run1": "01:18,77", "run2": "", "run_total": "01:18,77", "point": 3, "season_point": 3}}, {"model": "competition.results", "pk": 34, "fields": {"place": 10, "competitor": 40, "run1": "01:47,40", "run2": "", "run_total": "01:47,40", "point": 1, "season_point": 1}}, {"model": "competition.results", "pk": 35, "fields": {"place": 6, "competitor": 41, "run1": "01:08,70", "run2": "", "run_total": "01:08,70", "point": 6, "season_point": 6}}, {"model": "competition.results", "pk": 36, "fields": {"place": 4, "competitor": 42, "run1": "01:07,20", "run2": "", "run_total": "01:07,20", "point": 10, "season_point": 10}}, {"model": "competition.results", "pk": 37, "fields": {"place": 11, "competitor": 43, "run1": "DNF", "run2": "", "run_total": null, "point": 0, "season_point": 0}}, {"model": "competition.results", "pk": 38, "fields": {"place": 9, "competitor": 44, "run1": "01:30,62", "run2": "", "run_total": "01:30,62", "point": 2, "season_point": 2}}, {"model": "competition.results", "pk": 39, "fields": {"place": 2, "competitor": 45, "run1": "00:58,64", "run2": "", "run_total": "00:58,64", "point": 20, "season_point": 20}}, {"model": "competition.results", "pk": 40, "fields": {"place": 7, "competitor": 46, "run1": "01:09,41", "run2": "", "run_total": "01:09,41", "point": 4, "season_point": 4}}, {"model": "competition.results", "pk": 41, "fields": {"place": 5, "competitor": 47, "run1": "01:07,45", "run2": "", "run_total": "01:07,45", "point": 8, "season_point": 8}}, {"model": "competition.results", "pk": 42, "fields": {"place": 3, "competitor": 48, "run1": "01:02,87", "run2": "", "run_total": "01:02,87", "point": 15, "season_point": 15}}, {"model": "competition.results", "pk": 43, "fields": {"place": 1, "competitor": 49, "run1": "00:54,15", "run2": "", "run_total": "00:54,15", "point": 25, "season_point": 25}}, {"model": "competition.results", "pk": 44, "fields": {"place": 1, "competitor": 50, "run1": "DNF", "run2": "", "run_total": null, "point": 0, "season_point": 0}}, {"model": "competition.results", "pk": 45, "fields": {"place": 2, "competitor": 51, "run1": "DNF", "run2": "", "run_total": null, "point": 0, "season_point": 0}}, {"model": "competition.results", "pk": 46, "fields": {"place": 7, "competitor": 52, "run1": "01:08,45", "run2": "", "run_total": "01:08,45", "point": 4, "season_point": 4}}, {"model": "competition.results", "pk": 47, "fields": {"place": 13, "competitor": 53, "run1": "01:09,60", "run2": "00:56,69", "run_total": "02:06,29", "point": 0, "season_point": 0}}, {"model": "competition.results", "pk": 48, "fields": {"place": 12, "competitor": 54, "run1": "01:02,32", "run2": "01:00,46", "run_total": "02:02,78", "point": 0, "season_point": 0}}, {"model": "competition.results", "pk": 49, "fields": {"place": 5, "competitor": 55, "run1": "00:58,38", "run2": "", "run_total": "00:58,38", "point": 8, "season_point": 8}}, {"model": "competition.results", "pk": 50, "fields": {"place": 6, "competitor": 56, "run1": "00:58,83", "run2": "", "run_total": "00:58,83", "point": 6, "season_point": 6}}, {"model": "competition.results", "pk": 51, "fields": {"place": 10, "competitor": 57, "run1": "00:56,50", "run2": "00:55,45", "run_total": "01:51,95", "point": 1, "season_point": 1}}, {"model": "competition.results", "pk": 52, "fields": {"place": 8, "competitor": 58, "run1": "00:53,30", "run2": "00:51,25", "run_total": "01:44,55", "point": 3, "season_point": 3}}, {"model": "competition.results", "pk": 53, "fields": {"place": 4, "competitor": 59, "run1": "00:51,87", "run2": "", "run_total": "00:51,87", "point": 10, "season_point": 10}}, {"model": "competition.results", "pk": 54, "fields": {"place": 3, "competitor": 60, "run1": "00:53,13", "run2": "DNF", "run_total": null, "point": 0, "season_point": 0}}, {"model": "competition.results", "pk": 55, "fields": {"place": 11, "competitor": 61, "run1": "00:54,71", "run2": "00:58,21", "run_total": "01:52,92", "point": 0, "season_point": 0}}, {"model": "competition.results", "pk": 56, "fields": {"place": 9, "competitor": 62, "run1": "00:53,69", "run2": "00:53,72", "run_total": "01:47,41", "point": 2, "season_point": 2}}, {"model": "competition.results", "pk": 57, "fields": {"place": null, "competitor": 63, "run1": null, "run2": null, "run_total": null, "point": null, "season_point": 0}}, {"model": "competition.results", "pk": 58, "fields": {"place": null, "competitor": 64, "run1": null, "run2": null, "run_total": null, "point": null, "season_point": 0}}, {"model": "competition.results", "pk": 59, "fields": {"place": null, "competitor": 65, "run1": null, "run2": null, "run_total": null, "point": null, "season_point": 0}}, {"model": "competition.results", "pk": 60, "fields": {"place": null, "competitor": 66, "run1": null, "run2": null, "run_total": null, "point": null, "season_point": 0}}, {"model": "competition.results", "pk": 61, "fields": {"place": null, "competitor": 67, "run1": null, "run2": null, "run_total": null, "point": null, "season_point": 0}}, {"model": "competition.results", "pk": 62, "fields": {"place": null, "competitor": 68, "run1": null, "run2": null, "run_total": null, "point": null, "season_point": 0}}, {"model": "competition.results", "pk": 63, "fields": {"place": null, "competitor": 69, "run1": null, "run2": null, "run_total": null, "point": null, "season_point": 0}}, {"model": "competition.results", "pk": 64, "fields": {"place": null, "competitor": 70, "run1": null, "run2": null, "run_total": null, "point": null, "season_point": 0}}, {"model": "competition.results", "pk": 65, "fields": {"place": null, "competitor": 71, "run1": null, "run2": null, "run_total": null, "point": null, "season_point": 0}}, {"model": "competition.results", "pk": 66, "fields": {"place": null, "competitor": 72, "run1": null, "run2": null, "run_total": null, "point": null, "season_point": 0}}, {"model": "competition.results", "pk": 67, "fields": {"place": null, "competitor": 73, "run1": null, "run2": null, "run_total": null, "point": null, "season_point": 0}}, {"model": "authtoken.token", "pk": "8182ac26bf6cda528318b3493cb73068f027d535", "fields": {"user": 1, "created": "2024-02-12T19:12:12.714Z"}}]